City ID,City,Country,Lat,Lng,Max Temp,Humidity,Cloudiness,Wind Speed,Weather Description
0,Ushuaia,AR,-54.8,-68.3,41.0,75,0,2.3,clear sky
1,Kodiak,US,57.79,-152.4072,39.2,33,1,24.16,clear sky
2,Cherskiy,RU,68.75,161.3,-5.75,90,33,4.79,scattered clouds
3,Fortuna,US,40.5982,-124.1573,57.0,71,1,14.97,clear sky
4,Cape Town,ZA,-33.9258,18.4232,62.01,82,0,8.05,clear sky
5,Iqaluit,CA,63.7506,-68.5145,21.2,79,75,11.5,light snow
6,Barrow,US,71.2906,-156.7887,-0.4,71,90,11.5,overcast clouds
7,Hithadhoo,MV,-0.6,73.0833,83.23,70,16,13.49,few clouds
8,Hermanus,ZA,-34.4187,19.2345,60.01,90,100,4.0,overcast clouds
9,Dikson,RU,73.5069,80.5464,-4.14,100,99,1.77,overcast clouds
10,Rikitea,PF,-23.1203,-134.9692,77.88,71,13,13.22,light rain
11,Flin Flon,CA,54.7682,-101.865,34.41,79,100,10.04,overcast clouds
12,Tiksi,RU,71.6872,128.8694,-7.58,92,39,4.18,scattered clouds
13,Acarau,BR,-2.8856,-40.12,77.97,85,40,10.76,scattered clouds
14,Puerto El Triunfo,SV,13.2833,-88.55,84.2,65,20,4.61,few clouds
15,Atuona,PF,-9.8,-139.0333,80.82,76,35,6.6,scattered clouds
16,Hilo,US,19.7297,-155.09,71.6,83,90,5.75,light rain
17,Klaksvik,FO,62.2266,-6.589,26.6,80,75,34.52,heavy snow
18,Madras,IN,13.0878,80.2785,78.8,89,40,5.17,mist
19,Buala,SB,-8.145,159.5921,84.2,76,34,6.11,light rain
20,Baffa,PK,34.4378,73.2194,55.94,81,67,5.17,broken clouds
21,Brae,GB,60.3964,-1.353,33.8,60,75,26.46,light snow
22,Port Hardy,CA,50.6996,-127.4199,48.2,71,40,16.11,scattered clouds
23,Zvishavane,ZW,-20.3267,30.0665,61.81,85,0,2.75,clear sky
24,Antalaha,MG,-14.9003,50.2788,75.43,91,82,3.29,broken clouds
25,Vilhena,BR,-12.7406,-60.1458,69.66,96,100,1.32,overcast clouds
26,Morant Bay,JM,17.8815,-76.4093,80.6,69,75,8.05,broken clouds
27,Mataura,NZ,-46.1927,168.8643,64.0,59,25,10.0,scattered clouds
28,New Norfolk,AU,-42.7826,147.0587,64.99,64,6,1.01,clear sky
29,Cabo San Lucas,MX,22.8909,-109.9124,86.0,28,1,11.5,clear sky
30,Bayji,IQ,34.9311,43.487,62.53,36,0,3.38,clear sky
31,Saskylakh,RU,71.9167,114.0833,-3.78,90,100,9.33,overcast clouds
32,Jamestown,US,42.097,-79.2353,46.0,65,90,5.75,moderate rain
33,Amboasary,MG,-25.0333,46.3833,69.8,83,20,2.3,few clouds
34,Busselton,AU,-33.65,115.3333,66.99,94,12,1.01,few clouds
35,Butaritari,KI,3.0707,172.7902,79.16,85,100,14.58,moderate rain
36,Clovis,US,36.8252,-119.7029,73.99,30,20,6.91,few clouds
37,Severo-Kurilsk,RU,50.6789,156.125,29.71,87,95,19.19,overcast clouds
38,Shache,CN,38.4167,77.2406,45.95,78,100,3.8,moderate rain
39,Hobart,AU,-42.8794,147.3294,64.99,59,20,3.44,few clouds
40,Kwidzyn,PL,53.7249,18.9311,30.99,85,6,7.0,light snow
41,Mar Del Plata,AR,-38.0023,-57.5575,70.0,94,81,5.75,broken clouds
42,Upernavik,GL,72.7868,-56.1549,6.35,90,100,5.53,light snow
43,Sayat,TM,38.7839,63.8803,44.6,76,0,4.61,clear sky
44,Aklavik,CA,68.2191,-135.0107,-0.4,60,99,13.8,overcast clouds
45,Ribeira Grande,PT,38.5167,-28.7,60.62,77,100,7.78,overcast clouds
46,Albany,US,42.6001,-73.9662,53.01,32,20,13.8,few clouds
47,Komsomolskiy,UZ,40.4272,71.7189,46.4,61,28,6.91,scattered clouds
48,Angoche,MZ,-16.2325,39.9086,75.51,70,84,9.69,broken clouds
49,Sorong,ID,-0.8833,131.25,84.29,69,92,5.57,overcast clouds
50,Murygino,RU,58.7383,49.4582,30.47,95,100,6.44,overcast clouds
51,Bredasdorp,ZA,-34.5322,20.0403,59.0,94,100,8.05,overcast clouds
52,Puerto Ayora,EC,-0.7393,-90.3518,78.01,94,51,5.17,broken clouds
53,Hualmay,PE,-11.0964,-77.6139,70.74,82,28,8.55,scattered clouds
54,Khatanga,RU,71.9667,102.5,9.77,87,100,4.68,overcast clouds
55,Mayo,US,38.8876,-76.5119,62.01,55,1,4.16,clear sky
56,Saint-Pierre,RE,-21.3393,55.4781,78.8,65,0,8.05,clear sky
57,Bairiki,KI,1.3292,172.9752,77.0,94,90,13.8,moderate rain
58,Omboue,GA,-1.5746,9.2618,78.94,87,100,4.7,overcast clouds
59,Souillac,MU,-20.5167,57.5167,77.0,83,40,3.44,scattered clouds
60,Taperoa,BR,-7.2075,-36.8267,70.54,89,43,13.91,scattered clouds
61,Kota Bahru,MY,6.1333,102.2386,78.8,94,40,5.17,scattered clouds
62,Grand Island,US,40.925,-98.342,77.0,43,1,11.5,clear sky
63,Dingle,PH,10.9995,122.6711,83.05,69,100,11.83,light rain
64,Gayny,RU,60.3071,54.3241,22.1,97,29,3.96,scattered clouds
65,Praia Da Vitoria,PT,38.7333,-27.0667,59.0,94,40,9.35,scattered clouds
66,Tabou,CI,4.423,-7.3528,79.38,88,99,3.96,overcast clouds
67,Odda,NO,60.0691,6.5457,35.01,80,100,11.01,snow
68,Kutum,SD,14.2,24.6667,69.13,8,0,5.99,clear sky
69,Kruisfontein,ZA,-34.0033,24.7314,59.0,95,100,1.01,overcast clouds
70,Gazojak,TM,41.1875,61.4036,53.26,45,0,8.77,clear sky
71,Nhulunbuy,AU,-12.2333,136.7667,87.8,55,0,4.61,clear sky
72,Freeport,US,40.6576,-73.5832,60.8,18,1,12.66,clear sky
73,Laguna,US,38.421,-121.4238,70.0,48,1,11.5,clear sky
74,Ukiah,US,39.1502,-123.2078,69.8,43,1,5.68,clear sky
75,Baijiantan,CN,45.6333,85.1833,50.47,63,100,0.76,overcast clouds
76,San Quintin,MX,30.4833,-115.95,63.48,71,14,19.53,few clouds
77,Bubaque,GW,11.2833,-15.8333,76.06,83,0,12.77,clear sky
78,Port Elizabeth,ZA,-33.918,25.5701,60.8,88,90,5.75,overcast clouds
79,Kavaratti,IN,10.5669,72.642,83.3,69,100,11.59,overcast clouds
80,Vaini,TO,-21.2,-175.2,82.4,65,20,11.5,few clouds
81,Sioux Lookout,CA,50.1001,-91.917,60.8,33,90,3.44,overcast clouds
82,Georgetown,MY,5.4112,100.3354,82.99,83,20,3.44,few clouds
83,Tahta,EG,26.7693,31.5021,64.4,20,0,4.61,clear sky
84,Santiago Del Estero,AR,-27.7951,-64.2615,77.59,71,100,13.65,overcast clouds
85,Punta Arenas,CL,-53.15,-70.9167,44.6,61,75,13.8,broken clouds
86,Yueyang,CN,29.3333,113.0919,55.89,83,100,1.86,overcast clouds
87,Tessalit,ML,20.1986,1.0114,79.3,10,8,4.07,clear sky
88,Sorland,NO,67.667,12.6934,38.17,95,100,26.62,overcast clouds
89,Bethel,US,41.3712,-73.414,55.4,24,1,5.75,clear sky
90,Dharchula,IN,29.85,80.5333,62.96,50,97,6.13,overcast clouds
91,Anshun,CN,26.25,105.9333,54.39,96,100,4.68,overcast clouds
92,Lorengau,PG,-2.0226,147.2712,82.69,75,98,2.98,overcast clouds
93,Koshurnikovo,RU,54.1667,93.3,29.55,93,99,1.86,overcast clouds
94,Smoky Lake,CA,54.1169,-112.4686,50.0,34,26,6.91,scattered clouds
95,Sinnamary,GF,5.3833,-52.95,77.58,89,100,13.18,overcast clouds
96,Leningradskiy,RU,69.3833,178.4167,1.74,89,99,4.68,overcast clouds
97,La Ronge,CA,55.1001,-105.2842,42.8,39,100,6.91,overcast clouds
98,Sitka,US,57.0531,-135.33,39.2,87,90,11.5,light snow
99,Goderich,CA,43.7501,-81.7165,48.2,71,39,9.22,scattered clouds
100,Carnarvon,AU,-24.8667,113.6333,78.8,61,93,14.97,overcast clouds
101,Gordeyevka,RU,52.9569,31.9703,36.09,71,20,15.21,few clouds
102,Mezhdurechensk,RU,53.6942,88.0603,36.43,85,0,2.95,clear sky
103,Provideniya,RU,64.3833,-173.3,5.0,72,90,22.37,snow
104,Bluff,NZ,-46.6,168.3333,64.0,59,28,10.0,scattered clouds
105,Leshukonskoye,RU,64.8989,45.7622,35.38,92,100,8.72,overcast clouds
106,Esperance,AU,-33.8667,121.9,73.4,56,7,9.22,clear sky
107,Kaeo,NZ,-35.1,173.7833,75.0,68,58,1.01,broken clouds
108,Kapaa,US,22.0752,-159.319,78.8,57,75,18.41,light rain
109,Ambilobe,MG,-13.2,49.05,73.33,94,100,2.46,overcast clouds
110,Pilna,RU,55.5539,45.9219,32.4,91,100,8.68,overcast clouds
111,Tasiilaq,GL,65.6145,-37.6368,15.8,79,20,21.85,light snow
112,Isangel,VU,-19.55,169.2667,84.2,65,40,11.5,scattered clouds
113,Innisfail,AU,-17.5333,146.0333,82.99,63,36,3.0,scattered clouds
114,Konstantinovka,RU,49.6167,127.9833,30.65,47,100,17.09,overcast clouds
115,Moose Factory,CA,51.2585,-80.6094,33.8,75,1,12.66,clear sky
116,Raduzhnyy,RU,62.0961,77.475,33.06,98,100,9.33,overcast clouds
117,Yellowknife,CA,62.456,-114.3525,30.0,93,90,10.36,snow
118,Ugoofaaru,MV,5.6667,73.0,82.98,69,97,9.69,overcast clouds
119,Ostrovnoy,RU,68.0531,39.5131,35.65,86,100,24.96,overcast clouds
120,Poum,NC,-20.2333,164.0167,80.31,66,61,17.31,broken clouds
121,Fairbanks,US,64.8378,-147.7164,10.4,66,90,11.5,overcast clouds
122,Alofi,NU,-19.0595,-169.9187,84.2,74,100,8.05,light rain
123,Port Lincoln,AU,-34.7333,135.8667,67.5,67,82,11.32,broken clouds
124,Ormara,PK,25.2088,64.6357,78.75,82,76,6.31,broken clouds
125,Beringovskiy,RU,63.05,179.3167,8.46,89,100,18.54,light snow
126,Valer,NO,60.6785,11.8331,33.01,68,0,3.0,clear sky
127,Broome,US,42.2506,-75.833,44.6,36,1,8.05,clear sky
128,Tautira,PF,-17.7333,-149.15,86.0,54,20,5.75,few clouds
129,Udachnyy,RU,66.4167,112.4,-1.66,89,100,7.76,overcast clouds
130,Rocha,UY,-34.4833,-54.3333,64.18,97,7,5.59,clear sky
131,Umm Kaddadah,SD,13.6017,26.6876,72.77,6,0,11.65,clear sky
132,Trenggalek,ID,-8.05,111.7167,80.1,82,100,1.74,overcast clouds
133,Krasnoselkup,RU,65.7,82.4667,29.26,92,100,9.08,overcast clouds
134,Ulaangom,MN,49.9811,92.0667,39.4,32,0,1.14,clear sky
135,Nyurba,RU,63.2842,118.3319,1.98,91,88,1.34,overcast clouds
136,Nuevo Progreso,MX,23.1667,-97.95,72.0,61,4,1.01,clear sky
137,Surt,LY,31.2089,16.5887,61.43,81,94,23.67,overcast clouds
138,Vardo,NO,70.3705,31.1107,36.72,85,100,22.21,light rain
139,Waipawa,NZ,-41.4122,175.5153,66.0,82,61,8.05,broken clouds
140,Tuktoyaktuk,CA,69.4541,-133.0374,-5.8,77,75,19.57,snow
141,Wewak,PG,-3.5534,143.6268,76.44,88,100,3.98,overcast clouds
142,Norman Wells,CA,65.282,-126.8329,8.6,56,75,18.41,snow
143,Bontang,ID,0.1333,117.5,80.13,77,94,3.09,overcast clouds
144,Port Alfred,ZA,-33.5906,26.891,62.02,83,100,5.7,light rain
145,Juazeiro,BR,-9.4117,-40.4986,78.8,73,75,11.5,broken clouds
146,Puli,TW,23.9664,120.9695,71.6,49,20,6.91,few clouds
147,Cumra,TR,37.5732,32.7745,48.2,53,75,6.91,broken clouds
148,Ozernovskiy,RU,51.5,156.5167,28.92,89,100,17.25,light snow
149,Faanui,PF,-16.4833,-151.75,81.32,71,100,16.17,light rain
150,Sao Filipe,CV,14.8961,-24.4956,75.51,63,5,11.07,clear sky
151,Torbay,CA,47.6666,-52.7314,41.0,100,90,10.36,fog
152,Nanortalik,GL,60.1432,-45.2371,35.58,89,100,6.93,overcast clouds
153,Gushikawa,JP,26.3544,127.8686,69.8,60,75,14.97,broken clouds
154,Katsuura,JP,35.1333,140.3,52.0,66,75,16.11,broken clouds
155,Gurun,MY,5.8172,100.4738,82.99,83,20,3.44,few clouds
156,Waitati,NZ,-45.75,170.5667,63.0,58,0,10.0,clear sky
157,Thompson,CA,55.7435,-97.8558,33.8,93,90,12.66,light snow
158,Gwadar,PK,25.1216,62.3254,78.62,75,37,14.88,scattered clouds
159,Madang,PG,-5.2246,145.7966,83.21,71,100,1.28,overcast clouds
160,Goundam,ML,16.4145,-3.6708,83.66,9,94,9.55,overcast clouds
161,Koumac,NC,-20.5667,164.2833,81.37,59,97,2.28,overcast clouds
162,Pevek,RU,69.7008,170.3133,-9.0,94,99,5.19,overcast clouds
163,Karratha,AU,-20.7377,116.8463,88.18,30,13,6.06,few clouds
164,Narsaq,GL,60.9167,-46.05,37.4,81,75,4.76,broken clouds
165,Mbigou,GA,-1.9005,11.906,67.42,97,91,1.1,light rain
166,Tateyama,JP,34.9833,139.8667,53.6,66,75,26.46,broken clouds
167,Lavrentiya,RU,65.5833,-171.0,3.85,86,79,7.31,broken clouds
168,Hamilton,US,39.1834,-84.5333,64.4,51,1,5.57,clear sky
169,Eureka,US,40.8021,-124.1637,57.0,65,0,5.99,clear sky
170,Abbeville,FR,50.1,1.8333,39.2,45,0,17.27,clear sky
171,Taixing,CN,32.1667,120.0136,62.01,58,68,5.59,broken clouds
172,Bo Rai,TH,12.5728,102.5371,84.99,63,97,1.3,overcast clouds
173,Sept-Iles,CA,50.2001,-66.3821,42.8,100,100,4.61,overcast clouds
174,Dobryatino,RU,55.5055,41.3195,29.26,91,45,7.27,scattered clouds
175,Sretensk,RU,52.2453,117.7093,25.36,24,3,6.8,clear sky
176,Port Augusta,AU,-32.5,137.7667,81.0,68,0,8.05,clear sky
177,Kavieng,PG,-2.5744,150.7967,84.25,69,97,4.34,overcast clouds
178,Calvia,ES,39.5657,2.5062,57.0,76,6,1.99,clear sky
179,Alta Floresta,BR,-9.8756,-56.0861,73.18,93,100,2.3,overcast clouds
180,Kautokeino,NO,69.0125,23.0412,29.01,96,100,10.02,snow
181,Saint-Philippe,RE,-21.3585,55.7679,78.8,65,0,8.05,clear sky
182,Seoul,KR,37.5683,126.9778,55.4,58,0,4.61,clear sky
183,Lucapa,AO,-8.4192,20.7447,65.25,95,100,1.39,overcast clouds
184,Manta,EC,-0.95,-80.7333,80.6,78,75,6.91,broken clouds
185,Husavik,IS,66.0449,-17.3389,21.2,68,90,3.44,light snow
186,Iquique,CL,-20.2208,-70.1431,68.0,77,0,14.97,clear sky
187,Anloga,GH,5.7947,0.8973,84.2,84,20,8.05,few clouds
188,Fethiye,TR,36.6217,29.1164,53.6,94,75,6.91,broken clouds
189,Avera,US,33.194,-82.5271,64.4,42,1,3.44,clear sky
190,Nikolskoye,RU,59.7035,30.7861,33.01,93,75,6.71,snow
191,Saint George,US,37.1041,-113.5841,82.99,6,1,17.27,clear sky
192,Mecca,SA,21.4267,39.8261,76.32,56,0,1.23,clear sky
193,Meulaboh,ID,4.1363,96.1285,78.98,85,97,4.41,overcast clouds
194,Dafeng,CN,23.4517,108.5881,69.87,70,63,3.76,broken clouds
195,Sao Felix Do Xingu,BR,-6.6447,-51.995,73.51,90,72,1.52,broken clouds
196,Eyl,SO,7.9803,49.8164,75.76,74,89,7.61,overcast clouds
197,Kapoeta,SS,4.7717,33.5903,77.45,68,91,11.12,overcast clouds
198,Bengkulu,ID,-3.8004,102.2655,76.93,86,100,3.96,light rain
199,Kaitangata,NZ,-46.2817,169.8464,68.0,41,2,15.01,clear sky
200,Vila Velha,BR,-20.3297,-40.2925,77.0,94,0,3.44,clear sky
201,Mahebourg,MU,-20.4081,57.7,77.0,83,40,3.44,light rain
202,Pangnirtung,CA,66.1451,-65.7125,8.47,96,100,3.2,overcast clouds
203,Smithers,CA,54.7804,-127.1743,44.6,42,75,6.91,broken clouds
204,Dongsheng,CN,39.8161,109.9776,39.83,75,100,4.5,overcast clouds
205,Avarua,CK,-21.2078,-159.775,84.2,74,75,17.27,broken clouds
206,Amapa,BR,1.0,-52.0,72.36,98,100,2.33,overcast clouds
207,Salalah,OM,17.0151,54.0924,89.6,14,0,18.41,clear sky
208,Russell,US,32.3502,-85.1999,69.8,58,1,3.85,clear sky
209,Ahipara,NZ,-35.1667,173.1667,71.15,63,41,8.28,scattered clouds
210,Lompoc,US,34.6391,-120.4579,57.2,67,100,14.97,overcast clouds
211,Aripuana,BR,-9.1667,-60.6333,74.68,95,100,2.75,light rain
212,Quesnel,CA,52.9999,-122.5029,53.6,35,1,2.3,clear sky
213,Evanston,US,42.0411,-87.6901,71.6,40,20,6.91,few clouds
214,Lamu,KE,-2.2717,40.902,80.6,89,1,3.44,clear sky
215,Carballo,ES,43.213,-8.691,50.0,87,3,1.01,clear sky
216,Quatre Cocos,MU,-20.2078,57.7625,79.0,88,75,3.44,light rain
217,Taoudenni,ML,22.6783,-3.9836,78.48,8,0,9.4,clear sky
218,Elk River,US,45.3038,-93.5672,73.99,54,48,16.49,light rain
219,Chifeng,CN,42.2683,118.9636,50.07,26,3,3.22,clear sky
220,Novyy Urengoy,RU,66.0833,76.6333,31.05,95,100,6.24,overcast clouds
221,Victoria,HK,22.2855,114.1577,73.99,81,100,1.99,overcast clouds
222,Wang Saphung,TH,17.301,101.7685,82.0,94,75,5.75,broken clouds
223,Arraial Do Cabo,BR,-22.9661,-42.0278,68.0,94,20,2.3,few clouds
224,Kampene,CD,-3.6,26.6667,68.09,96,100,2.77,overcast clouds
225,Longyearbyen,SJ,78.2186,15.6401,12.2,62,40,20.71,scattered clouds
226,Hearst,CA,49.6835,-83.6665,48.2,40,100,9.22,overcast clouds
227,Yaan,NG,7.3833,8.5667,83.26,64,83,12.55,broken clouds
228,Qaanaaq,GL,77.484,-69.3632,0.18,58,100,2.53,overcast clouds
229,Samarai,PG,-10.6167,150.6667,83.59,77,38,6.62,scattered clouds
230,Valdez,EC,1.2492,-78.9831,77.74,88,100,7.78,moderate rain
231,Lieksa,FI,63.3167,30.0167,29.26,78,100,16.28,overcast clouds
232,Codrington,AU,-38.2667,141.9667,63.93,62,100,11.3,overcast clouds
233,Kiruna,SE,67.8557,20.2251,30.2,93,90,14.97,snow
234,Saldanha,ZA,-33.0117,17.9442,57.2,82,4,3.44,clear sky
235,Nome,US,64.5011,-165.4064,3.99,78,90,16.11,overcast clouds
236,Sampit,ID,-2.5333,112.95,79.65,83,100,1.88,overcast clouds
237,Sokoni,TZ,-6.4333,39.55,80.46,80,59,11.16,moderate rain
238,Jiaocheng,CN,24.6774,116.1389,79.3,56,9,1.57,clear sky
239,Tucuma,BR,-0.1833,-50.05,76.53,93,89,5.39,overcast clouds
240,Kot Addu,PK,30.4692,70.9671,71.6,56,75,9.8,smoke
241,Castro,BR,-24.7911,-50.0119,59.18,95,95,6.51,overcast clouds
242,Tarn Taran,IN,31.45,74.9253,68.0,49,40,4.61,haze
243,Shepsi,RU,44.0361,39.1489,44.94,78,57,4.36,broken clouds
244,Yerbogachen,RU,61.2767,108.0108,18.16,91,98,3.78,overcast clouds
245,Henties Bay,NA,-22.116,14.2845,59.0,94,0,5.01,clear sky
246,Hofn,IS,64.2539,-15.2082,20.77,55,7,15.48,clear sky
247,Markova,UA,48.6758,24.4138,38.21,66,100,2.33,overcast clouds
248,Arlit,NE,18.7369,7.3853,78.75,7,0,5.59,clear sky
249,Waingapu,ID,-9.6567,120.2641,74.62,79,100,23.71,overcast clouds
250,Pyshma,RU,56.9523,63.2513,30.7,86,23,10.98,few clouds
251,Zaysan,KZ,47.4667,84.8667,43.3,79,100,5.35,overcast clouds
252,Chisec,GT,15.8167,-90.2833,62.6,77,75,3.27,broken clouds
253,Bayeux,BR,-7.125,-34.9322,77.0,94,0,5.75,clear sky
254,Ankazobe,MG,-18.3167,47.1167,60.8,94,20,1.14,few clouds
255,Okhotsk,RU,59.3833,143.3,18.7,78,84,6.85,broken clouds
256,Gorontalo,ID,0.5412,123.0595,84.85,71,45,2.68,scattered clouds
257,Along,IN,28.1667,94.7667,68.2,42,0,1.5,clear sky
258,Ramon,PH,16.7842,121.535,75.04,84,99,6.02,overcast clouds
259,Luderitz,NA,-26.6481,15.1594,63.37,80,0,17.09,clear sky
260,Campbell River,CA,50.0163,-125.2446,52.0,50,20,4.61,few clouds
261,Zyryanka,RU,65.75,150.85,2.86,84,100,10.76,overcast clouds
262,Mehamn,NO,71.0357,27.8492,34.92,98,100,16.13,light snow
263,Baghdad,IQ,33.3406,44.4009,60.8,48,0,4.61,clear sky
264,Puerto Carreno,CO,6.189,-67.4859,77.79,84,100,6.08,overcast clouds
265,Bambous Virieux,MU,-20.3428,57.7575,79.0,83,40,3.44,light rain
266,Hobyo,SO,5.3505,48.5268,81.75,69,7,10.13,clear sky
267,Chantada,ES,42.6088,-7.7712,46.99,87,0,8.05,clear sky
268,Kahului,US,20.8947,-156.47,75.2,83,40,21.85,scattered clouds
269,Zhigansk,RU,66.7697,123.3711,-9.8,93,61,3.62,broken clouds
270,Verkhoyansk,RU,67.5447,133.385,-1.73,82,100,2.37,overcast clouds
271,Pisco,PE,-13.7,-76.2167,69.8,78,0,13.8,clear sky
272,Alto Araguaia,BR,-17.3147,-53.2153,72.09,71,86,4.83,overcast clouds
273,Sibolga,ID,1.7427,98.7792,79.47,78,100,2.08,overcast clouds
274,Namibe,AO,-15.1961,12.1522,77.23,75,15,6.38,few clouds
275,Yar-Sale,RU,66.8333,70.8333,30.24,98,100,8.25,overcast clouds
276,Manicore,BR,-5.8092,-61.3003,75.69,93,100,2.37,overcast clouds
277,Kandi,BJ,11.1342,2.9386,84.29,14,0,1.43,clear sky
278,Lebu,CL,-37.6167,-73.65,58.98,77,100,15.66,moderate rain
279,Disna,BY,55.568,28.1971,33.84,92,100,7.63,snow
280,Tuatapere,NZ,-46.1333,167.6833,64.0,59,10,10.0,clear sky
281,Margate,GB,51.3813,1.3862,39.0,54,6,8.01,clear sky
282,Predivinsk,RU,57.0669,93.4378,35.17,91,100,4.29,overcast clouds
283,Akdepe,TM,42.0551,59.3788,50.0,65,0,9.22,clear sky
284,Ponta Do Sol,PT,32.6667,-17.1,57.0,58,6,4.0,clear sky
285,Cayenne,GF,4.9333,-52.3333,80.01,94,75,5.75,broken clouds
286,Portland,US,45.5234,-122.6762,61.0,29,1,9.22,clear sky
287,Jinka,ET,5.65,36.65,61.54,88,98,2.98,light rain
288,Comodoro Rivadavia,AR,-45.8667,-67.5,55.4,71,75,12.66,broken clouds
289,Maragogi,BR,-9.0122,-35.2225,77.58,71,6,7.27,clear sky
290,Yulara,AU,-25.2406,130.9889,78.8,29,0,13.8,clear sky
291,Guerrero Negro,MX,27.9769,-114.0611,65.23,66,0,17.67,clear sky
292,Vila Franca Do Campo,PT,37.7167,-25.4333,60.8,94,75,12.66,broken clouds
293,Arkhangelsk,RU,64.5401,40.5433,39.2,65,20,6.71,few clouds
294,Salta,AR,-24.7859,-65.4117,69.8,83,40,5.75,scattered clouds
295,Henderson,US,36.0397,-114.9819,86.0,6,1,23.02,clear sky
296,Bar Harbor,US,44.3876,-68.2039,42.8,81,90,10.36,overcast clouds
297,Iisalmi,FI,63.5592,27.1907,30.2,74,75,11.5,broken clouds
298,Marolambo,MG,-20.05,48.1167,66.52,96,3,3.06,clear sky
299,Synya,RU,65.3718,58.0387,18.01,96,41,4.85,scattered clouds
300,Tadine,NC,-21.55,167.8833,79.5,57,89,13.53,overcast clouds
301,Chipinge,ZW,-20.1883,32.6236,58.33,95,3,4.0,clear sky
302,Hasaki,JP,35.7333,140.8333,52.0,66,75,18.41,broken clouds
303,Nizwa,OM,22.9333,57.5333,73.53,27,2,1.36,clear sky
304,Shevchenko,UA,48.5,35.0,35.6,87,0,4.47,clear sky
305,Amurzet,RU,47.6967,131.0981,47.08,39,6,6.76,clear sky
306,Daan,CN,33.0558,106.2958,48.99,92,100,0.85,overcast clouds
307,Wanning,CN,18.8003,110.3967,77.63,86,42,9.17,scattered clouds
308,Mount Gambier,AU,-37.8333,140.7667,64.4,59,29,10.36,scattered clouds
309,Katobu,ID,-4.9408,122.5276,82.27,76,97,6.02,overcast clouds
310,Pedasi,PA,7.5333,-80.0333,80.55,72,97,19.39,overcast clouds
311,Ternate,ID,0.8,127.4,82.87,69,73,4.27,broken clouds
312,Pushkinskiye Gory,RU,57.0209,28.9103,31.6,96,100,5.39,snow
313,Chokurdakh,RU,70.6333,147.9167,-12.14,88,27,1.21,scattered clouds
314,Cidreira,BR,-30.1811,-50.2056,73.35,80,100,16.67,overcast clouds
315,Geraldton,AU,-28.7667,114.6,73.4,68,24,11.5,few clouds
316,Shorapur,IN,16.5167,76.75,78.64,45,10,2.26,clear sky
317,Biltine,TD,14.5333,20.9167,79.92,12,0,8.46,clear sky
318,Caravelas,BR,-17.7125,-39.2481,75.85,79,27,7.0,scattered clouds
319,Chapais,CA,49.7834,-74.8492,35.6,44,1,8.05,clear sky
320,Ancud,CL,-41.8697,-73.8203,57.0,100,90,9.22,light rain
321,Jingdezhen,CN,29.2947,117.2079,58.95,84,100,1.25,moderate rain
322,Alice Springs,AU,-23.7,133.8833,77.0,36,0,8.05,clear sky
323,Riyadh,SA,24.6877,46.7219,66.2,18,0,4.61,clear sky
324,Khor,RU,47.8861,134.9464,45.75,38,0,14.81,clear sky
325,Pinawa,CA,50.1489,-95.8811,43.84,62,22,7.49,few clouds
326,Kangalassy,RU,62.3464,129.9628,-4.0,59,0,4.47,clear sky
327,Staryy Nadym,RU,65.6118,72.6842,32.65,99,100,6.91,overcast clouds
328,Decatur,US,39.8403,-88.9548,69.8,43,1,10.36,clear sky
329,Peniche,PT,39.3558,-9.3811,54.0,92,2,4.0,clear sky
330,Mandan,US,46.8267,-100.8896,55.4,28,1,12.66,clear sky
331,Marzuq,YE,14.4,46.4667,65.48,42,27,0.34,scattered clouds
332,Piacabucu,BR,-10.4056,-36.4344,77.68,80,13,8.01,few clouds
333,Gizo,SB,-8.103,156.8419,84.22,73,100,4.36,light rain
334,Micomeseng,GQ,2.1462,10.6164,70.32,98,100,1.86,overcast clouds
335,Pinega,RU,64.7001,43.3936,35.94,93,100,9.57,overcast clouds
336,Prichard,US,30.7388,-88.0789,66.0,82,1,4.61,clear sky
337,Manadhoo,MV,5.7667,73.3833,82.92,69,100,10.6,overcast clouds
338,Chuy,UY,-33.6971,-53.4616,69.03,88,73,9.91,broken clouds
339,Jalu,LY,29.0331,21.5482,72.21,6,0,14.85,clear sky
340,Gat,IL,31.61,34.7642,72.0,22,24,4.0,few clouds
341,Dalbandin,PK,28.8947,64.4101,67.78,13,86,7.0,overcast clouds
342,Bozoum,CF,6.3193,16.3799,75.56,49,97,3.2,overcast clouds
343,Kuliyapitiya,LK,7.4688,80.0401,80.6,89,40,2.3,scattered clouds
344,Brejo,BR,-3.6844,-42.7503,73.98,90,100,2.98,overcast clouds
345,Batemans Bay,AU,-35.7167,150.1833,71.01,90,100,2.15,overcast clouds
346,Walvis Bay,NA,-22.9575,14.5053,59.0,94,11,4.61,few clouds
347,Dakar,SN,14.6937,-17.4441,69.8,78,0,9.22,clear sky
348,Forbes,AU,-33.3833,148.0167,78.04,43,0,6.02,clear sky
349,Zhanaozen,KZ,43.3,52.8,55.35,38,9,21.99,clear sky
350,Anamur,TR,36.0751,32.8369,55.4,71,0,5.75,clear sky
351,Dyersburg,US,36.0345,-89.3856,66.2,52,16,7.74,few clouds
352,Ashland,US,40.8167,-82.2665,60.01,68,100,5.95,overcast clouds
353,Bullhead City,US,35.1478,-114.5683,93.2,5,1,23.02,clear sky
354,Sechura,PE,-5.5569,-80.8222,75.43,67,54,14.65,broken clouds
355,Monywa,MM,22.1167,95.1333,77.43,50,4,5.99,clear sky
356,Nouadhibou,MR,20.931,-17.0347,66.2,68,4,17.27,clear sky
357,Progreso,MX,21.2833,-89.6667,80.6,44,75,17.27,broken clouds
358,Mezen,RU,65.8522,44.24,35.31,91,100,11.7,overcast clouds
359,Edd,ER,13.9297,41.6925,81.86,44,4,4.09,clear sky
360,Muroto,JP,33.2833,134.15,50.0,93,75,9.22,mist
361,Makat,KZ,47.6469,53.3463,53.28,48,100,17.43,overcast clouds
362,Verkhnyaya Inta,RU,65.9811,60.3094,12.56,93,41,4.14,scattered clouds
363,Assiniboia,CA,49.6334,-105.9845,51.8,19,4,11.5,clear sky
364,Bandar-E Lengeh,IR,26.5579,54.8807,64.4,68,0,4.61,clear sky
365,Wani,IN,20.0667,78.95,82.2,18,0,4.34,clear sky
366,Butte,US,39.6499,-121.5677,71.01,43,1,4.41,clear sky
367,Thinadhoo,MV,0.5333,72.9333,83.12,70,100,11.59,overcast clouds
368,Lagunas,PE,-5.2269,-75.6753,72.52,98,98,0.92,overcast clouds
369,Desbiens,CA,48.4178,-71.9495,42.8,42,75,9.22,broken clouds
370,Sao Joao Da Barra,BR,-21.6403,-41.0511,73.18,71,4,3.47,clear sky
371,Coari,BR,-4.085,-63.1414,75.54,93,100,2.66,overcast clouds
372,Tashtyp,RU,52.7939,89.8983,36.79,76,3,2.75,clear sky
373,Grand Gaube,MU,-20.0064,57.6608,79.0,78,100,3.0,overcast clouds
374,Bam,IR,29.106,58.357,61.18,13,0,9.51,clear sky
375,Tata,PK,24.7475,67.9235,76.53,80,0,11.83,clear sky
376,Yumen,CN,40.2833,97.2,42.4,69,59,10.78,broken clouds
377,Novyye Gorki,RU,56.7253,41.0601,30.13,92,24,7.72,few clouds
378,Hambantota,LK,6.1241,81.1185,77.0,100,84,3.44,broken clouds
379,Knin,HR,44.0439,16.2,48.0,49,100,5.99,overcast clouds
380,Khani,GE,41.9563,42.9566,48.2,93,90,8.05,overcast clouds
381,Verkhnevilyuysk,RU,63.4453,120.3167,1.18,91,100,2.42,overcast clouds
382,Xai-Xai,MZ,-25.0519,33.6442,66.09,81,0,0.2,clear sky
383,Tura,IN,25.5198,90.2201,76.15,19,0,2.57,clear sky
384,Bilibino,RU,68.0546,166.4372,1.49,80,8,2.21,clear sky
385,Lagoa,PT,39.05,-27.9833,59.36,83,100,16.62,overcast clouds
386,Raton,US,36.9034,-104.4391,70.0,11,1,11.5,clear sky
387,Korgen,NO,66.0771,13.8153,35.01,91,100,1.01,light snow
388,Chopda,IN,21.25,75.3,80.02,37,0,6.78,clear sky
389,Flinders,AU,-34.5833,150.8552,77.0,79,31,4.0,scattered clouds
390,Forest Lake,US,45.2789,-92.9852,75.99,44,100,1.01,overcast clouds
391,Yantal,RU,56.8471,105.2542,32.54,83,94,3.49,overcast clouds
392,Malindi,KE,-3.2175,40.1191,80.98,81,100,10.42,overcast clouds
393,Songea,TZ,-10.6833,35.65,61.7,98,76,1.3,broken clouds
394,Kushima,JP,31.4583,131.2333,59.0,51,75,5.75,broken clouds
395,Dibulla,CO,11.2725,-73.3091,77.72,86,100,4.7,overcast clouds
396,Vanimo,PG,-2.6741,141.3028,80.83,87,100,5.32,overcast clouds
397,San Felipe,VE,10.3399,-68.7425,72.45,98,100,3.15,overcast clouds
398,Padang,ID,-0.9492,100.3543,75.2,94,20,2.3,few clouds
399,Roma,US,43.2128,-75.4557,45.0,49,1,9.22,clear sky
400,Paramonga,PE,-10.6667,-77.8333,71.01,83,81,7.45,broken clouds
401,Corleone,IT,37.8134,13.3017,54.0,97,0,1.99,clear sky
402,Bonthe,SL,7.5264,-12.505,79.36,88,25,4.76,scattered clouds
403,Novobirilyussy,RU,56.9514,90.6661,34.52,84,100,6.55,overcast clouds
404,Viedma,AR,-40.8135,-62.9967,73.13,54,100,12.97,overcast clouds
405,Porto Belo,BR,-27.1578,-48.5531,75.99,94,40,4.61,scattered clouds
406,Naze,JP,28.3667,129.4833,69.8,56,75,6.91,broken clouds
407,Porto Santo,PT,33.072,-16.3415,60.8,72,20,5.41,few clouds
408,Thai Binh,VN,20.45,106.3333,75.2,83,75,8.05,broken clouds
409,Suez,EG,29.9737,32.5263,66.33,33,17,6.38,few clouds
410,Yantikovo,RU,55.8216,47.9104,32.0,74,0,11.18,clear sky
411,Palasa,IN,18.7667,84.4167,77.09,88,3,4.81,clear sky
412,Shingu,JP,33.7333,135.9833,57.2,72,75,3.44,broken clouds
413,Teya,RU,60.3778,92.6267,31.59,94,100,4.45,overcast clouds
414,Vostok,RU,46.4856,135.8833,40.62,58,74,7.27,broken clouds
415,Rayevskiy,RU,54.0658,54.9468,28.99,90,87,5.01,overcast clouds
416,Pangody,RU,65.85,74.4859,32.41,96,100,6.78,overcast clouds
417,Miles City,US,46.4083,-105.8406,53.6,24,90,10.36,overcast clouds
418,Kloulklubed,PW,7.0419,134.2556,86.0,70,75,5.75,broken clouds
419,Minab,IR,27.1467,57.0801,69.8,78,0,4.61,haze
420,Boa Vista,BR,2.8197,-60.6733,78.8,89,75,4.61,light rain
421,Ayorou,NE,14.7308,0.9174,82.71,6,0,6.49,clear sky
422,Talnakh,RU,69.4865,88.3972,25.0,96,100,9.08,light snow
423,Yeniseysk,RU,58.4497,92.1703,32.95,94,100,5.46,overcast clouds
424,Cordoba,AR,-31.4135,-64.1811,68.0,94,75,11.5,broken clouds
425,Bundaberg,AU,-24.85,152.35,81.0,73,75,12.66,broken clouds
426,Peci,BA,44.6272,16.7861,46.4,71,0,2.3,clear sky
427,Iquitos,PE,-3.7481,-73.2472,75.2,94,0,1.83,clear sky
428,Kamenka,RU,51.3223,42.7678,35.01,92,100,6.58,light snow
429,Waiuku,NZ,-37.25,174.75,73.4,73,20,14.97,few clouds
430,Gweta,BW,-20.1833,25.2333,72.93,41,12,7.31,few clouds
431,Tecuala,MX,22.3986,-105.4569,76.42,49,0,5.23,clear sky
432,Kailua,US,21.4022,-157.7394,80.6,64,75,12.66,broken clouds
433,Pangoa,PE,-12.1167,-73.0,68.56,99,80,1.52,broken clouds
434,Severnyy,RU,50.677,36.5532,35.6,93,0,8.95,clear sky
435,Kokopo,PG,-4.352,152.2633,84.97,66,100,4.14,overcast clouds
436,Richards Bay,ZA,-28.783,32.0377,65.82,91,0,3.8,clear sky
437,Kondinskoye,RU,59.6481,67.41,31.17,96,100,17.4,light snow
438,Kota Kinabalu,MY,5.9749,116.0724,82.4,78,20,4.61,few clouds
439,Santa Maria,BR,-29.6842,-53.8069,73.4,83,0,3.44,clear sky
440,Prince Rupert,CA,54.3161,-130.3201,42.8,81,90,5.75,light rain
441,Tabas,IR,33.5959,56.9244,59.54,20,0,3.13,clear sky
442,Neuquen,AR,-38.9516,-68.0591,77.81,44,100,5.86,overcast clouds
443,Ballina,AU,-28.8667,153.5667,73.4,88,75,10.36,broken clouds
444,Fort Nelson,CA,58.8053,-122.7002,50.0,32,75,12.66,broken clouds
445,Gamboula,CF,4.1178,15.1393,71.28,77,25,3.09,scattered clouds
446,East London,ZA,-33.0153,27.9116,64.17,87,100,8.32,light rain
447,Makinsk,KZ,52.6292,70.4169,26.11,93,100,12.15,overcast clouds
448,Vestmannaeyjar,IS,63.4427,-20.2734,29.91,83,35,9.78,scattered clouds
449,Zalantun,CN,48.0,122.7167,39.0,20,6,21.36,clear sky
450,Wanaka,NZ,-44.7,169.15,61.0,71,11,5.01,few clouds
451,Vyartsilya,RU,62.1764,30.693,30.72,77,100,10.87,overcast clouds
452,Whitehorse,CA,60.7161,-135.0538,28.0,74,75,11.5,light snow
453,Paciran,ID,-6.8767,112.3761,82.31,78,95,8.95,overcast clouds
454,Airai,TL,-8.9266,125.4092,70.03,62,28,2.44,scattered clouds
455,Piterka,RU,50.6803,47.4454,37.13,94,100,17.47,overcast clouds
456,Lebyazhye,RU,55.2689,66.4947,27.68,90,17,14.97,few clouds
457,Iskandar,UZ,41.5539,69.7008,42.8,87,0,2.3,mist
458,Acapulco,MX,16.8634,-99.8901,82.4,69,20,8.05,few clouds
459,Rapar,IN,23.5667,70.6333,76.03,61,0,10.25,clear sky
460,Tayu,ID,-6.5397,111.0518,80.74,82,100,5.08,overcast clouds
461,Erzin,TR,36.9559,36.2,55.0,87,18,11.01,few clouds
462,Yuzhou,CN,34.1628,113.4639,51.8,58,100,2.24,overcast clouds
463,Pattoki,PK,31.0167,73.85,70.88,32,99,5.88,overcast clouds
464,Southbridge,US,42.0751,-72.0334,51.01,41,6,12.3,clear sky
465,Yurimaguas,PE,-5.9,-76.0833,72.03,98,100,0.85,overcast clouds
466,Charters Towers,AU,-20.1,146.2667,82.29,54,12,6.22,few clouds
467,Pacific Grove,US,36.6177,-121.9166,55.4,67,90,10.36,overcast clouds
468,Shubarshi,KZ,48.5872,57.1869,41.92,85,77,12.21,broken clouds
469,Loa Janan,ID,-0.583,117.095,78.37,87,99,1.97,overcast clouds
470,Rio Grande,BR,-32.035,-52.0986,70.0,93,100,14.32,light rain
471,Sisimiut,GL,66.9395,-53.6735,18.09,89,100,4.7,overcast clouds
472,Tangshan,CN,39.6333,118.1833,59.83,28,1,6.76,clear sky
473,Nuuk,GL,64.1835,-51.7216,35.6,87,90,24.16,light rain
474,Lujan,AR,-34.5703,-59.105,75.0,88,68,6.64,broken clouds
475,Honiara,SB,-9.4333,159.95,85.23,72,100,4.03,overcast clouds
476,Manokwari,ID,-0.8667,134.0833,83.39,72,100,4.09,overcast clouds
477,Takapau,NZ,-40.0333,176.35,73.0,54,0,5.01,clear sky
478,Los Llanos De Aridane,ES,28.6585,-17.9182,62.6,67,0,8.05,clear sky
479,Houston,US,29.7633,-95.3633,71.6,68,1,14.97,clear sky
480,Vila,PT,42.0304,-8.1588,55.0,69,0,2.82,clear sky
481,Kerema,PG,-7.9631,145.7785,80.06,80,99,4.92,heavy intensity rain
482,Tubuala,PA,9.5167,-79.0333,78.8,78,40,8.05,scattered clouds
483,Rundu,NA,-17.9333,19.7667,66.27,53,59,2.75,broken clouds
484,Marshall,US,34.3834,-86.3333,64.4,42,1,3.33,clear sky
485,Kirksville,US,40.1948,-92.5833,71.01,49,1,9.22,clear sky
486,Griffith,US,41.5284,-87.4237,70.0,45,1,10.36,clear sky
487,Mana,GF,5.6592,-53.7767,77.22,90,100,11.79,overcast clouds
488,Nara,JP,34.6851,135.8049,53.6,62,75,2.3,broken clouds
489,Yantongshan,CN,43.2919,126.0094,51.08,22,0,11.5,clear sky
490,Pontian Kecil,MY,1.4801,103.3899,80.6,94,20,2.3,few clouds
491,Cururupu,BR,-1.8283,-44.8683,76.15,93,56,3.8,broken clouds
492,Kawalu,ID,-7.3817,108.2082,78.42,80,67,0.74,broken clouds
493,Cefalu,IT,38.0386,14.0229,55.0,66,0,8.01,clear sky
494,Jaisalmer,IN,26.9147,70.9181,75.69,48,3,10.65,clear sky
495,Dole,FR,47.0833,5.5,35.6,80,75,8.05,broken clouds
496,San Jeronimo,PE,-11.9472,-75.2829,49.71,86,85,4.43,overcast clouds
497,Dunedin,NZ,-45.8742,170.5036,63.0,58,0,10.0,clear sky
498,Roebourne,AU,-20.7833,117.1333,88.3,29,11,6.62,few clouds
499,Creel,MX,27.75,-107.6333,65.25,18,6,17.49,clear sky
500,Dalhousie,IN,32.5333,75.9833,50.83,54,100,10.38,overcast clouds
501,Safranbolu,TR,41.2508,32.6942,43.68,93,100,2.62,overcast clouds
502,Coihaique,CL,-45.5752,-72.0662,57.2,62,90,5.75,overcast clouds
503,Monroe,US,43.1501,-77.6831,50.0,37,75,3.44,broken clouds
504,Clyde River,CA,70.4692,-68.5914,-0.4,85,90,4.61,light snow
505,Namatanai,PG,-3.6667,152.4333,85.6,67,85,1.92,overcast clouds
506,Kununurra,AU,-15.7667,128.7333,86.0,66,67,3.44,broken clouds
507,Kade,DE,52.3833,12.2667,30.99,82,46,5.01,scattered clouds
508,Carson City,US,39.1638,-119.7674,61.0,23,1,13.8,clear sky
509,Cairns,AU,-16.9167,145.7667,89.01,62,75,4.61,broken clouds
510,Sao Gabriel Da Cachoeira,BR,-0.1303,-67.0892,70.54,99,100,2.15,overcast clouds
511,Port Hedland,AU,-20.3167,118.5667,89.6,27,7,6.91,clear sky
512,Ati,TD,13.2154,18.3353,81.5,14,4,11.03,clear sky
513,Mariental,NA,-24.6333,17.9667,73.0,44,4,4.34,clear sky
514,Malartic,CA,48.1335,-78.1328,42.8,33,20,2.3,few clouds
515,Dedovichi,RU,57.5517,29.9502,33.24,97,100,9.53,snow
516,Zhanakorgan,KZ,43.9098,67.2495,49.35,59,6,5.55,clear sky
517,Tilichiki,RU,60.4667,166.1,4.98,84,23,9.73,few clouds
518,Kudahuvadhoo,MV,2.6708,72.8944,83.1,68,67,9.66,broken clouds
519,Rehoboth,NA,-23.3167,17.0833,68.56,51,16,5.66,few clouds
520,Ust-Koksa,RU,50.2696,85.6108,33.53,75,100,1.28,overcast clouds
521,Axim,GH,4.8699,-2.2405,79.43,89,5,5.79,clear sky
522,San Cristobal,VE,7.7669,-72.225,80.6,57,75,6.91,broken clouds
523,Robertson,US,36.5167,-86.8667,68.0,34,40,5.7,scattered clouds
524,Port Blair,IN,11.6667,92.75,81.79,74,25,4.41,scattered clouds
525,Tiznit,MA,29.5833,-9.5,56.28,81,100,0.69,overcast clouds
526,Saint-Augustin,CA,51.226,-58.6502,37.62,99,100,15.28,overcast clouds
527,Cambridge,CA,43.3601,-80.3127,46.0,93,90,3.44,overcast clouds
528,Sangar,RU,63.9242,127.4739,-2.2,91,100,1.9,overcast clouds
529,Terrak,NO,65.087,12.3715,33.8,93,90,13.8,snow
530,Rio Gallegos,AR,-51.6226,-69.2181,46.4,61,40,8.05,scattered clouds
531,Camamu,BR,-13.9447,-39.1039,73.44,91,48,4.21,scattered clouds
532,Labuhan,ID,-6.8844,112.2051,82.08,78,91,8.25,overcast clouds
533,Port Macquarie,AU,-31.4333,152.9167,75.99,84,100,1.01,overcast clouds
534,Tutoia,BR,-2.7619,-42.2744,80.2,84,70,11.81,broken clouds
535,Kerman,IR,30.2832,57.0788,39.2,28,0,4.61,clear sky
536,Logansport,US,40.7545,-86.3567,69.8,40,1,10.36,clear sky
537,Ozinki,RU,51.1786,49.6769,34.99,96,100,17.47,light rain
538,Seymchan,RU,62.8833,152.4333,12.34,73,100,7.07,overcast clouds
539,Awjilah,LY,29.1081,21.2869,73.58,6,0,16.02,clear sky
540,Ikirun,NG,7.9167,4.6667,75.43,87,100,6.04,overcast clouds
541,Yining,CN,29.0361,114.5636,59.22,84,100,0.67,overcast clouds
542,Ogbomosho,NG,8.133,4.25,76.73,83,27,8.43,scattered clouds
543,Hokitika,NZ,-42.7167,170.9667,61.27,63,33,11.97,scattered clouds
544,Saint-Joseph,RE,-21.3667,55.6167,78.8,65,0,8.05,clear sky
545,Te Anau,NZ,-45.4167,167.7167,60.62,57,21,7.0,few clouds
546,Altagracia De Orituco,VE,9.8601,-66.3814,77.04,76,100,4.36,overcast clouds
547,Apen,DE,53.2167,7.8,33.01,93,93,1.01,light snow
548,Morondava,MG,-20.2833,44.2833,71.42,82,0,8.55,clear sky
549,Ilulissat,GL,69.2167,-51.1,17.6,86,90,2.3,overcast clouds
550,Turukhansk,RU,65.8167,87.9833,31.75,83,100,12.55,overcast clouds
551,Newport,GB,51.5877,-2.9984,39.0,72,0,9.62,clear sky
552,Cap Malheureux,MU,-19.9842,57.6142,79.0,78,100,3.0,overcast clouds
553,Olafsvik,IS,64.8945,-23.7142,26.69,84,99,10.58,overcast clouds
554,Reconquista,AR,-29.15,-59.65,65.97,96,100,0.38,overcast clouds
555,Opuwo,NA,-18.0607,13.84,70.09,43,1,5.7,clear sky
556,Hildburghausen,DE,50.4255,10.7318,30.0,67,100,1.99,overcast clouds
557,Oriximina,BR,-1.7656,-55.8661,74.88,93,100,3.49,overcast clouds
558,Mashhad,IR,36.297,59.6062,46.4,71,0,0.98,clear sky
559,Lazaro Cardenas,MX,17.9583,-102.2,78.8,72,0,6.08,clear sky
560,Marawi,PH,7.9986,124.2928,81.0,80,100,4.0,overcast clouds
561,Shimoda,JP,34.6667,138.95,53.6,66,75,26.46,broken clouds
562,Nishihara,JP,26.1842,127.7558,69.8,63,75,11.5,broken clouds
563,Cockburn Town,TC,21.4612,-71.1419,73.72,66,100,18.03,overcast clouds
564,Lima,PE,-12.0432,-77.0282,75.99,88,0,10.36,clear sky
565,Matamoros,MX,25.5333,-103.25,86.0,19,1,7.81,clear sky
566,Passos,BR,-20.7189,-46.6097,65.57,84,81,3.44,broken clouds
567,Byron Bay,AU,-28.65,153.6167,73.4,88,75,10.36,broken clouds
568,Xuanhua,CN,40.6103,115.0447,52.38,40,100,2.59,overcast clouds
569,Nongan,CN,44.382,125.1685,50.0,31,0,6.71,clear sky
570,Yangambi,CD,0.8102,24.4336,69.44,96,100,3.38,overcast clouds
571,Great Malvern,GB,52.1116,-2.3252,32.0,74,9,1.01,clear sky
572,Havelock,US,34.8791,-76.9013,61.0,82,1,3.44,clear sky
573,Jiwani,PK,25.05,61.7417,79.97,63,7,19.66,clear sky
574,Touho,NC,-20.7833,165.2333,78.44,69,47,16.33,scattered clouds
575,Tharad,IN,24.3961,71.6267,74.59,72,0,5.37,clear sky
576,Sumbe,AO,-11.2061,13.8437,79.32,88,100,4.74,overcast clouds
577,Xichang,CN,27.8964,102.2634,68.0,34,100,4.72,overcast clouds
578,Mitsamiouli,KM,-11.3847,43.2844,81.93,73,100,3.58,overcast clouds
579,Wuchi,CN,29.3786,103.023,46.74,94,100,3.22,overcast clouds
580,Hirado,JP,33.3597,129.5531,59.0,50,20,3.44,few clouds
581,Areosa,PT,41.7178,-8.8571,59.0,87,0,2.21,clear sky
582,Batagay-Alyta,RU,67.8006,130.4114,-5.46,85,39,2.75,scattered clouds
583,Bosaso,SO,11.2842,49.1816,76.91,53,8,0.43,clear sky
584,Hit,IQ,33.6416,42.8251,65.53,31,0,3.65,clear sky
585,Victoria Falls,ZW,-17.9235,25.843,64.62,64,27,3.96,scattered clouds
586,Port-Gentil,GA,-0.7193,8.7815,81.48,79,100,6.8,light rain
587,Pingzhuang,CN,42.0372,119.2889,50.9,25,5,1.74,clear sky
588,Kemptville,CA,45.0168,-75.641,46.99,52,75,2.3,broken clouds
589,Glendive,US,47.1053,-104.7125,53.01,22,1,10.36,clear sky
590,Krasnyy Chikoy,RU,50.3643,108.7512,36.27,57,96,1.81,overcast clouds
591,Erdenet,MN,49.0333,104.0833,36.73,49,75,2.95,broken clouds
592,Shagonar,RU,51.5333,92.8,37.35,57,0,0.6,clear sky
593,Butterworth,MY,5.3991,100.3638,82.99,83,20,3.44,few clouds
594,Bonnyville,CA,54.2668,-110.735,50.0,32,75,9.22,broken clouds
595,Pasni,PK,25.2631,63.471,78.06,82,12,8.32,few clouds
596,Maiduguri,NG,11.8464,13.1603,81.84,11,7,8.84,clear sky
597,Ongandjera,NA,-17.8833,15.0667,73.42,42,1,6.55,clear sky
598,Kyzyl-Suu,KG,42.3414,78.0056,34.79,47,100,7.16,overcast clouds
599,Kulhudhuffushi,MV,6.6221,73.07,83.34,68,100,11.05,overcast clouds
600,Havoysund,NO,70.9963,24.6622,33.8,100,75,18.41,light snow
601,Pout,SN,14.7739,-17.0603,73.4,49,0,20.71,clear sky
602,Sobolevo,RU,54.4299,31.8996,35.26,72,92,14.81,overcast clouds
603,Kholodnyy,RU,62.7167,147.95,8.98,76,100,3.89,overcast clouds
604,Westport,US,41.1415,-73.3579,59.0,21,1,12.66,clear sky
605,Chake Chake,TZ,-5.2459,39.7666,79.86,81,100,8.93,light rain
606,Huicheng,CN,23.0385,116.2899,68.0,68,75,2.24,broken clouds
607,Itapora,BR,-22.0799,-54.7874,75.16,55,92,2.75,overcast clouds
608,Chumikan,RU,54.7183,135.315,25.43,84,100,23.22,overcast clouds
609,San Patricio,US,28.017,-97.5169,71.6,83,90,17.27,overcast clouds
610,Huarmey,PE,-10.0681,-78.1522,71.65,82,100,7.58,overcast clouds
611,Singarayakonda,IN,15.25,80.0333,78.33,88,41,6.51,scattered clouds
612,Araouane,ML,18.9048,-3.5265,80.1,11,47,10.2,scattered clouds
613,Bandar-E Anzali,IR,37.4727,49.4622,60.53,53,64,8.21,broken clouds
614,Olinda,BR,-8.0089,-34.8553,78.8,73,40,8.05,scattered clouds
615,Saint-Leu,RE,-21.15,55.2833,78.8,65,0,8.05,clear sky
616,Manuk Mangkaw,PH,4.8,119.85,82.65,74,100,10.02,overcast clouds
617,Troyes,FR,48.3333,4.0833,24.8,86,0,6.91,clear sky
618,Llanes,ES,43.4198,-4.7549,52.0,85,52,1.99,broken clouds
619,Bud,US,39.447,-86.1758,69.8,40,1,6.4,clear sky
620,Ciudad Bolivar,VE,8.1222,-63.5497,81.23,71,54,14.2,broken clouds
621,Pacasmayo,PE,-7.4006,-79.5714,72.55,74,74,9.84,broken clouds
622,Virginia Beach,US,36.8529,-75.978,61.0,57,18,4.09,few clouds
623,Velyka Oleksandrivka,UA,47.3197,33.3037,40.59,85,92,13.42,overcast clouds
624,Lincoln,US,40.8,-96.667,77.0,41,1,20.71,clear sky
625,Ellisras,ZA,-23.6649,27.7443,64.06,85,0,5.35,clear sky
626,Pandan,PH,14.0453,124.1694,80.38,79,93,12.97,overcast clouds
627,Beyneu,KZ,45.3167,55.2,55.44,39,9,20.09,clear sky
628,Baykit,RU,61.67,96.37,30.81,98,100,3.09,overcast clouds
629,Monrovia,LR,6.3005,-10.7969,79.18,89,5,3.83,clear sky
630,Gravdal,NO,68.1214,13.5031,38.07,88,100,26.26,overcast clouds
631,Rawson,AR,-43.3002,-65.1023,59.86,80,100,21.94,overcast clouds
632,Yibin,CN,28.7667,104.6238,62.33,72,100,0.4,light rain
633,Tigil,RU,57.8,158.6667,27.45,79,100,10.69,overcast clouds
634,Bonaventure,CA,48.0457,-65.4926,42.8,87,100,6.91,overcast clouds
635,Riohacha,CO,11.5444,-72.9072,79.52,77,100,16.15,overcast clouds
636,Hudson Bay,CA,52.85,-102.3842,37.85,70,47,7.72,scattered clouds
637,Moerai,PF,-22.4333,-151.3333,77.97,58,67,14.07,broken clouds
638,Balibago,PH,15.1624,120.5954,82.4,74,75,4.61,broken clouds
639,Slave Lake,CA,55.2834,-114.769,42.8,52,75,11.5,broken clouds
640,Arboletes,CO,8.8505,-76.4269,80.11,84,100,10.45,overcast clouds
641,Kuito,AO,-12.3833,16.9333,58.86,76,100,3.11,overcast clouds
642,Pontianak,ID,-0.0333,109.3333,77.0,94,40,3.27,mist
643,Berlevag,NO,70.8578,29.0864,35.06,92,100,15.1,overcast clouds
644,Puro,PH,12.4841,123.3827,82.08,70,99,11.63,overcast clouds
645,Hay River,CA,60.8156,-115.7999,35.6,69,100,8.05,overcast clouds
646,Orlik,RU,52.5178,99.825,22.23,77,100,1.81,overcast clouds
647,Lubbock,US,33.6001,-101.8338,78.8,31,75,21.85,broken clouds
648,Hajipur,IN,25.6833,85.2167,71.6,53,0,5.75,haze
649,Ipoh,MY,4.5841,101.0829,77.0,94,20,3.44,few clouds
650,Kyshtovka,RU,56.555,76.6271,34.11,88,100,16.49,overcast clouds
651,Saint-Georges,GD,12.0564,-61.7485,78.8,89,20,11.5,few clouds
652,Grindavik,IS,63.8424,-22.4338,28.4,93,75,3.44,broken clouds
653,Mount Isa,AU,-20.7333,139.5,86.0,42,13,10.36,few clouds
654,Sisophon,KH,13.5859,102.9737,82.63,70,56,3.29,broken clouds
655,Kalmunai,LK,7.4167,81.8167,78.49,84,72,1.97,broken clouds
656,Punta Cardon,VE,11.6581,-70.215,78.44,81,100,26.82,overcast clouds
657,Cracow,US,43.7424,-82.8199,50.0,76,90,8.05,overcast clouds
658,Kangaatsiaq,GL,68.3065,-53.4641,21.81,81,100,13.24,overcast clouds
659,Estrela,BR,-28.0611,-50.9383,57.15,86,100,3.29,overcast clouds
660,Lahaina,US,20.8783,-156.6825,75.2,88,40,18.41,light intensity drizzle
661,Belyy Yar,RU,53.6039,91.3903,30.2,80,100,4.47,overcast clouds
662,Esmeraldas,BR,-19.7625,-44.3139,69.8,77,0,6.91,clear sky
663,Chimoio,MZ,-19.1164,33.4833,62.49,97,14,1.43,few clouds
664,Pula,HR,44.8683,13.8481,50.0,81,0,6.91,clear sky
665,Colares,PT,38.7992,-9.4469,59.0,72,1,5.99,clear sky
666,Kamloops,CA,50.6665,-120.3192,61.0,25,40,4.61,scattered clouds
667,Oranjemund,NA,-28.55,16.4333,60.53,90,100,14.76,overcast clouds
668,Boissevain,CA,49.2306,-100.0559,48.0,34,1,11.5,clear sky
669,Bayir,TR,37.2687,28.2167,64.4,52,75,12.66,broken clouds
670,Skelleftea,SE,64.7507,20.9528,26.6,80,52,4.61,broken clouds
671,Santa Marta,CO,11.2408,-74.199,84.2,65,90,10.36,overcast clouds
672,Caconda,AO,-13.7333,15.0667,65.19,69,100,4.54,overcast clouds
673,Pemangkat,ID,1.1667,108.9667,80.92,76,67,6.44,broken clouds
674,Kindersley,CA,51.4668,-109.1682,51.8,25,20,12.66,few clouds
675,Fez,MA,34.0372,-4.9998,50.0,76,0,4.61,clear sky
676,Ingham,US,42.6,-84.3833,57.0,87,1,11.5,clear sky
677,Chipata,ZM,-13.6333,32.65,60.08,93,0,4.45,clear sky
678,Trinidad,BO,-14.8333,-64.9,73.71,96,100,1.63,overcast clouds
679,Urumqi,CN,43.801,87.6005,46.4,57,0,6.71,clear sky
680,Elko,US,41.0002,-115.5012,39.0,68,100,25.01,overcast clouds
681,The Valley,AI,18.217,-63.0578,79.0,73,20,5.75,few clouds
682,La Roda,ES,39.2167,-2.15,50.0,93,0,3.44,clear sky
683,Fort Thomas,US,39.0751,-84.4472,64.99,51,1,5.3,clear sky
684,Stokmarknes,NO,68.5646,14.9108,32.0,93,100,15.14,light snow
685,Oberstdorf,DE,47.4,10.2833,24.01,96,100,5.01,light snow
686,Tual,ID,-5.6667,132.75,83.5,69,100,1.63,overcast clouds
687,Erenhot,CN,43.6475,111.9767,45.61,34,15,3.83,few clouds
688,Wuwei,CN,37.9281,102.6414,47.37,58,100,1.63,overcast clouds
689,Huancavelica,PE,-12.7667,-74.9833,38.8,95,100,2.55,overcast clouds
690,Sola,VU,-13.8833,167.55,87.8,74,75,2.3,broken clouds
691,Soria,ES,41.6667,-2.6667,41.0,52,0,3.47,clear sky
692,Jumla,NP,29.2747,82.1838,47.57,53,23,4.56,few clouds
693,Natal,BR,-5.795,-35.2094,77.0,88,20,4.61,few clouds
694,Dicabisagan,PH,17.0818,122.4157,75.7,83,100,9.69,overcast clouds
695,Araguacu,BR,-12.9306,-49.8264,75.43,83,100,4.7,overcast clouds
696,Teguldet,RU,57.3064,88.1667,35.38,88,100,7.45,overcast clouds
